,Position,Company,Location,State,Address
0,Contractor,"Pyramid Consulting, Inc","St. Louis, MO",MO,"St.Louis,"
1,Full-Time,Kimberly Clark,"Neenah, WI",WI,"Neenah,"
2,Full-Time,HireNetworks,"Lexington, SC",SC,"Lexington,"
3,Full-Time | Pay: $130k - $160k/year,CyberCoders,"Seattle, WA


View 18 more",18,"Lexington,Seattle,Viewmore"
4,Full-Time,"MISource, Inc","Tampa, FL",FL,"Tampa,"
5,Contractor,IDR,"Dallas, TX


View 2 more",TX,"Tampa,Dallas,View2more"
6,Full-Time,Robert Half Technology,"New York, NY


View 6 more",NY,"Tampa,Dallas,View2moreNewYork,View6more"
7,Full-Time,Jackson Lewis P.C.,"58 South Service Road

Melville, NY",NY,"Tampa,Dallas,View2moreNewYork,View6moreSouthServiceRoadMelville,"
8,Contractor,Confidential,"Burbank, CA",CA,"Burbank,"
9,Full-Time,Principle Solutions Group,"Atlanta, GA


View 1 more",GA,"Burbank,Atlanta,View1more"
10,Full-Time | Pay: $95k - $100k/year,Resultz,"Atlanta, SC",SC,"Atlanta,"
11,Full-Time | Pay: $120k - $160k/year,Frank Recruitment Group,"Cambridge, MA


View 5 more",MA,"Atlanta,Cambridge,View5more"
12,Full-Time | Pay: $110k - $130k/year,Emerald Resource Group,"Broadview Heights, OH",OH,"BroadviewHeights,"
13,Full-Time | Pay: $0 - $1k/year,Signature Consultants,"Miami, FL",FL,"Miami,"
14,Full-Time,Strategic Operational Solutions Inc.,"Vienna, VA",VA,"Vienna,"
15,Full-Time,"Pendo.io, Inc.","Raleigh, NC",NC,"Raleigh,"
16,Full-Time,Softworld Inc.,"Westwood, MA",MA,"Westwood,"
17,Full-Time,Vencore,"Hanover, MD


View 5 more",MD,"Westwood,Hanover,View5more"
18,Full-Time,Apex Systems,"Charlottesville, VA


View 7 more",VA,"Westwood,Hanover,View5moreCharlottesville,View7more"
19,Contractor,Confidential,"Alpharetta, GA",GA,"Alpharetta,"
20,Full-Time,The Judge Group,"Irving, TX


View 2 more",TX,"Alpharetta,Irving,View2more"
21,Full-Time,"Sears, Roebuck and Co","Miami, FL",FL,"Miami,"
22,Full-Time,ManTech International Corporation,"Stafford, VA


View 3 more",VA,"Miami,Stafford,View3more"
23,Full-Time,Frontier Communications Corporation,"Norwalk, CT",CT,"Norwalk,"
24,Full-Time,Partnership Market Office,"Austin, TX",TX,"Austin,"
25,Full-Time,BAE Systems,"Springfield, VA


View 6 more",VA,"Austin,Springfield,View6more"
26,Full-Time,"Samsung SDS America, Inc.","San Jose, CA",CA,"SanJose,"
27,Full-Time,Levy,"Chicago, IL",IL,"Chicago,"
28,Full-Time,Vantiv,"Cincinnati, OH


View 1 more",OH,"Chicago,Cincinnati,View1more"
29,Full-Time,Schaeffler Group,"Fort Mill, SC",SC,"FortMill,"
30,Full-Time,Sony Pictures Entertainment Inc.,"Culver City, CA",CA,"CulverCity,"
31,Full-Time,KellyMitchell,"St. Louis, MO


View 1 more",MO,"CulverCity,St.Louis,View1more"
32,Contractor,Kforce Finance and Accounting,"Columbus, OH",OH,"Columbus,"
33,Full-Time | Pay: $120k - $130k/year,Madison Black,"Los Angeles, CA",CA,"LosAngeles,"
34,Full-Time,Staples,"Framingham, MA",MA,"Framingham,"
35,Contractor | Pay: $45.00 - $70.00/hour,Source Select Group,"Tampa, FL",FL,"Tampa,"
36,Full-Time,McKesson,"The Woodlands, TX",TX,"TheWoodlands,"
37,Full-Time,Visionaire Partners,"Atlanta, GA


View 1 more",GA,"TheWoodlands,Atlanta,View1more"
38,Full-Time,"Noblis, Inc","Washington, DC",DC,"Washington,"
39,Full-Time,Asurion,"Nashville, TN",TN,"Nashville,"
40,Contractor | Pay: $70.00 - $75.00/hour,"American Cybersystems, Inc. (ACS Group)","Hagerstown, MD",MD,"Hagerstown,"
41,Full-Time,Barnes & Noble College,"New York,NY","York,NY",New
42,Full-Time,Confidential,"New York, NY",NY,"NewYork,"
43,Full-Time,Grange Insurance,"Columbus, OH",OH,"Columbus,"
44,Full-Time,"Vizient, Inc","Chicago, IL


View 1 more",IL,"Columbus,Chicago,View1more"
45,Full-Time,Deluxe Corporation,"Lincoln, NE


View 1 more",NE,"Columbus,Chicago,View1moreLincoln,View1more"
46,Full-Time,Ingersoll Rand,"4833 White Bear Parkway

Saint Paul, MN",NE,"Columbus,Chicago,View1moreLincoln,View1more"
47,Full-Time | Pay: $200k - $350k/year,CyberCoders,"San Francisco, CA",CA,"SanFrancisco,"
48,Full-Time,Battelle Memorial Institute,"Seattle, WA",WA,"Seattle,"
49,Full-Time,Direct Energy,"Seattle, WA


View 1 more",WA,"Seattle,Seattle,View1more"
50,Full-Time | Pay: $130k - $170k/year,Confidential,"Watertown, MA",MA,"Watertown,"
51,Full-Time,Deloitte,"Arlington, VA


View 2 more",VA,"Watertown,Arlington,View2more"
52,Full-Time,UPS IT,"Mahwah, NJ",NJ,"Mahwah,"
53,Full-Time | Pay: $145k - $160k/year,Madison Black,"Santa Monica, CA",CA,"SantaMonica,"
54,Full-Time,Caliber Home Loans,"3701 Regent Boulevard

Irving, TX",TX,"SantaMonica,3701RegentBoulevardIrving,"
55,Full-Time,Stanford Health Care,"Palo Alto, CA


View 8 more",CA,"SantaMonica,3701RegentBoulevardIrving,PaloAlto,View8more"
56,Full-Time | Pay: $60.00 - $90.00/hour,"Computer Enterprises, Inc. (CEI)","Denver, CO",CO,"Denver,"
57,Full-Time,Austin Fraser,"Austin, TX",TX,"Austin,"
58,Contractor | Pay: $33.00 - $38.34/hour,Evergent Group,"Carlsbad, CA",CA,"Carlsbad,"
59,Full-Time,H&R Block Corporate,"One H&R Block Way

Kansas City, MO",CA,"Carlsbad,"
60,Full-Time,Forcepoint LLC.,"Austin, TX",TX,"Austin,"
61,Contractor,The Select Group,"Charlotte, NC",NC,"Charlotte,"
62,Full-Time | Pay: $100k - $160k/year,Olivier James Associates,"Charlotte, NC


View 1 more",NC,"Charlotte,Charlotte,View1more"
63,Full-Time,VincentBenjamin,"Denver, CO",CO,"Denver,"
64,Full-Time | Pay: $140k - $150k/year,firstPRO,"Atlanta, GA",GA,"Atlanta,"
65,Full-Time,EXL Service,"10 Exchange Place

Jersey City, NJ",NJ,"Atlanta,ExchangePlaceJerseyCity,"
66,Full-Time | Pay: $50k - $64k/year,Medix,"Libertyville, IL",IL,"Libertyville,"
67,Full-Time,SouthTek Resources LLC,"McLean, VA",VA,"McLean,"
68,Full-Time,Johnson & Johnson,"Montgomery, NJ


View 2 more",NJ,"McLean,Montgomery,View2more"
69,Full-Time,Federal Reserve Bank of Cleveland,"Cleveland, OH",OH,"Cleveland,"
70,Full-Time,"MARSH & MCLENNAN COMPANIES, INC","New York, NY",NY,"NewYork,"
71,Full-Time,Grange Insurance,"Columbus, OH",OH,"Columbus,"
72,Full-Time,Vencore,"Springfield, VA",VA,"Springfield,"
73,Full-Time,Deloitte,"Arlington, VA",VA,"Arlington,"
74,Full-Time,MSX International,"Dearborn, MI",MI,"Dearborn,"
75,Full-Time | Pay: $120k - $140k/year,Brooksource,"American Fork, UT",UT,"AmericanFork,"
76,Full-Time,UnitedHealth Group,"Eden Prairie, MN


View 7 more",MN,"AmericanFork,EdenPrairie,View7more"
77,Full-Time,VincentBenjamin,"Burbank, CA",CA,"Burbank,"
78,Full-Time,Safe Auto Ins Group Inc,"Columbus, OH",OH,"Columbus,"
79,Full-Time,Genpact,"Danbury, CT",CT,"Danbury,"
80,Full-Time,Kelly Services,"Franklin, TN",TN,"Franklin,"
81,Full-Time,UnitedHealth Group,"Schaumburg, IL",IL,"Schaumburg,"
82,Full-Time,Crowe Horwath LLP,"Chicago, IL


View 3 more",IL,"Schaumburg,Chicago,View3more"
83,Full-Time,Ford Motor Company,"Dearborn, MI",MI,"Dearborn,"
84,Full-Time,Medix,"Libertyville, IL",IL,"Libertyville,"
85,Full-Time,Volt,"Minneapolis, MN",MN,"Minneapolis,"
86,Full-Time,ConsultNet,"Chicago, IL",IL,"Chicago,"
87,Full-Time,Apple Inc.,"Cupertino, CA",CA,"Cupertino,"
88,Full-Time,Booz Allen Hamilton Inc.,"San Antonio, TX",TX,"SanAntonio,"
89,Full-Time,First Data,"Washington, DC",DC,"Washington,"
90,Full-Time | Pay: 50k - 60k /year,Kelly Scientific Resources,"San Diego, CA",CA,"SanDiego,"
91,Full-Time | Pay: $70k - $110k/year,Nigel Frank International US,"Boston, MA


View 1 more",MA,"SanDiego,Boston,View1more"
92,Full-Time | Pay: $45.00 - $65.00/hour,Aerotek,"Arlington, VA",VA,"Arlington,"
93,Full-Time,LMI,"Alexandria, VA",VA,"Alexandria,"
94,Full-Time,CarMax,"Richmond, VA


View 1 more",VA,"Alexandria,Richmond,View1more"
95,Full-Time,UnitedHealth Group,"Irvine, CA


View 1 more",CA,"Alexandria,Richmond,View1moreIrvine,View1more"
96,Full-Time,Wolters Kluwer,"Waltham, MA


View 1 more",MA,"Alexandria,Richmond,View1moreIrvine,View1moreWaltham,View1more"
97,Full-Time,"TEKsystems, Inc","San Antonio, TX",TX,"SanAntonio,"
98,Full-Time,Eurofins,"Lancaster, PA


View 1 more",PA,"SanAntonio,Lancaster,View1more"
99,Full-Time,Arcadis,"Highlands Ranch, CO",CO,"HighlandsRanch,"
100,Full-Time,Quality Temp Staffing,"Los Angeles, CA",CA,"LosAngeles,"
101,Full-Time,"QPS, LLC.","3 Innovation Way

Newark, DE",DE,"LosAngeles,3InnovationWayNewark,"
102,Contractor,Townsend & Associates,"Richmond, VA",VA,"Richmond,"
103,Contractor,Townsend & Associates,"Richmond, VA",VA,"Richmond,"
104,Full-Time,Collabera,"Germantown, MD",MD,"Germantown,"
105,Contractor,Townsend & Associates,"Devens, MA",MA,"Devens,"
106,Full-Time,Confidential,"Los Angeles, CA",CA,"LosAngeles,"
107,Full-Time,Collabera,"Woodcliff Lake, NJ",NJ,"WoodcliffLake,"
108,Full-Time,Pharmavite® LLC,"Santa Clarita, CA",CA,"SantaClarita,"
109,Full-Time,Eurofins,"Lincoln, NE


View 6 more",NE,"SantaClarita,Lincoln,View6more"
110,Full-Time,Johnson & Johnson,"Spring House, PA


View 4 more",PA,"SantaClarita,Lincoln,View6moreSpringHouse,View4more"
111,Full-Time,Johnson & Johnson,"Spring House, PA


View 7 more",PA,"SantaClarita,Lincoln,View6moreSpringHouse,View4moreSpringHouse,View7more"
112,Full-Time,Pioneer Data Systems Inc,"Richmond, VA",VA,"Richmond,"
113,Full-Time | Pay: $26.00/hour,Atrium Staffing,"Richmond, VA",VA,"Richmond,"
114,Contractor,Mastech,"Oakland, CA",CA,"Oakland,"
115,Contractor | Pay: $36.00 - $38.00/hour,"The Staffing Resource Group, Inc","Ewing Township, NJ",NJ,"EwingTownship,"
116,Full-Time,Johnson & Johnson,"Horsham, PA


View 6 more",PA,"EwingTownship,Horsham,View6more"
117,Full-Time,Pioneer Data Systems Inc,"South San Francisco, CA",CA,"SouthSanFrancisco,"
118,Full-Time,Battelle Memorial Institute,"Columbus, OH",OH,"Columbus,"
119,Contractor,"Integrated Resources, Inc","Richmond, VA",VA,"Richmond,"
120,Full-Time,AMRI,"Albany, NY


View 6 more",NY,"Richmond,Albany,View6more"
121,Full-Time | Pay: 80k - 120k /year,Kelly Scientific Resources,"Cambridge, MA


View 4 more",MA,"Richmond,Albany,View6moreCambridge,View4more"
122,Full-Time,"Kemin Industries, Inc.","Des Moines, IA",IA,"DesMoines,"
123,Full-Time,Apex Life Sciences,"PRINCETON, NJ


View 1 more",NJ,"DesMoines,PRINCETON,View1more"
124,Contractor,Townsend & Associates,"1 Burtt Road

Andover, MA",MA,"DesMoines,PRINCETON,View1more1BurttRoadAndover,"
125,Full-Time,AMRI,"Albany, NY


View 6 more",NY,"DesMoines,PRINCETON,View1more1BurttRoadAndover,Albany,View6more"
126,Full-Time | Pay: 80k - 120k /year,Kelly Scientific Resources,"Cambridge, MA


View 4 more",MA,"DesMoines,PRINCETON,View1more1BurttRoadAndover,Albany,View6moreCambridge,View4more"
127,Full-Time,Johnson & Johnson,"Irvine, CA",CA,"Irvine,"
128,Full-Time,"Kemin Industries, Inc.","Des Moines, IA",IA,"DesMoines,"
129,Full-Time,Apex Life Sciences,"PRINCETON, NJ


View 1 more",NJ,"DesMoines,PRINCETON,View1more"
130,Contractor,Spectraforce Technologies Inc,"Santa Monica, CA",CA,"SantaMonica,"
131,Contractor,Apex Life Sciences,"Summit, NJ


View 1 more",NJ,"SantaMonica,Summit,View1more"
132,Contractor,Townsend & Associates,"1 Burtt Road

Andover, MA",MA,"SantaMonica,Summit,View1more1BurttRoadAndover,"
133,Full-Time,Stanford Health Care,"Palo Alto, CA",CA,"PaloAlto,"
134,Full-Time,Johnson & Johnson,"Spring House, PA


View 1 more",PA,"PaloAlto,SpringHouse,View1more"
135,Contractor,Townsend & Associates,"P.O. Box 191

One Squibb Drive

New Brunswick, NJ",PA,"PaloAlto,SpringHouse,View1more"
136,Full-Time,Johnson & Johnson,"Spring House, PA


View 4 more",PA,"PaloAlto,SpringHouse,View1moreSpringHouse,View4more"
137,Full-Time,"Organovo Holdings, Inc.","San Diego, CA",CA,"SanDiego,"
138,Full-Time,Real Staffing,"Richmond, VA",VA,"Richmond,"
139,Full-Time,General Dynamics Information Technology,"Las Cruces, NM",NM,"LasCruces,"
140,Full-Time,"Frontier Technology, Inc.","Beverly, MA",MA,"Beverly,"
141,Full-Time,"QPS, LLC.","1 Innovation Way

Newark, DE",DE,"Beverly,1InnovationWayNewark,"
142,Full-Time,Eurofins,"Lexington, MA


View 2 more",MA,"Beverly,1InnovationWayNewark,Lexington,View2more"
143,Full-Time,Johnson & Johnson,"Spring House, PA


View 1 more",PA,"Beverly,1InnovationWayNewark,Lexington,View2moreSpringHouse,View1more"
144,Full-Time,Battelle Memorial Institute,"Columbus, OH


View 7 more",OH,"Beverly,1InnovationWayNewark,Lexington,View2moreSpringHouse,View1moreColumbus,View7more"
145,Full-Time,Molex,"Lisle, IL",IL,"Lisle,"
146,Full-Time,AMRI,"Albany, NY


View 3 more",NY,"Lisle,Albany,View3more"
147,Full-Time,BAE Systems,"Burlington, MA",MA,"Burlington,"
148,Full-Time,Kleinfelder,"Hanover, MD


View 5 more",MD,"Burlington,Hanover,View5more"
149,Full-Time,Eurofins,"Lee's Summit, MO


View 1 more",MO,"Burlington,Hanover,View5moreLee'sSummit,View1more"
150,Full-Time,Charles River,"Shrewsbury, MA


View 2 more",MA,"Burlington,Hanover,View5moreLee'sSummit,View1moreShrewsbury,View2more"
151,Full-Time | Pay: $20.00 - $26.00/hour,Fresenius Kabi,"3159 Staley Road

Grand Island, NY",NY,"Burlington,Hanover,View5moreLee'sSummit,View1moreShrewsbury,View2more3159StaleyRoadGrandIsland,"
152,Full-Time,"Sabre Systems, Inc.","Point Mugu Nawc, CA",CA,"PointMuguNawc,"
153,Full-Time,Battelle Memorial Institute,"West Jefferson, OH",OH,"WestJefferson,"
154,Full-Time,"Daiichi Sankyo, Inc.","Bernards, NJ


View 1 more",NJ,"WestJefferson,Bernards,View1more"
155,Full-Time,Club Staffing,"Tucson, AZ",AZ,"Tucson,"
156,Full-Time,Cherokee Nation Businesses,"Silver Spring, MD


View 2 more",MD,"Tucson,SilverSpring,View2more"
157,Full-Time,Eurofins,"Kalamazoo, MI


View 1 more",MI,"Tucson,SilverSpring,View2moreKalamazoo,View1more"
158,Full-Time,Johnson & Johnson,"Spring House, PA",PA,"SpringHouse,"
159,Contractor,Townsend & Associates,"Pearl River, NY",NY,"PearlRiver,"
160,Contractor,SGF Global,"Cambridge, MA",MA,"Cambridge,"
161,Full-Time,Real Staffing,"Ewing, NJ",NJ,"Ewing,"
162,Contract to Hire | Pay: $40.00/hour,Confidential,"Santa Monica, CA",CA,"SantaMonica,"
163,Full-Time,CameronCraigGroup,"Pittsburgh, PA",PA,"Pittsburgh,"
164,Contractor,Apex Life Sciences,"San Diego, CA",CA,"SanDiego,"
165,Full-Time,Battelle Memorial Institute,"Boulder, CO",CO,"Boulder,"
166,Full-Time,Apex Life Sciences,"Shawnee, KS",KS,"Shawnee,"
167,Full-Time,AMRI,"Albany, NY


View 2 more",NY,"Shawnee,Albany,View2more"
168,Contractor,Fortira Inc,"Mountain View, CA",CA,"MountainView,"
169,Full-Time,The Rawlings Group,"Louisville, KY",KY,"Louisville,"
170,Full-Time,Akorn Pharmaceutical,Norcross,KY,"Louisville,"
171,Full-Time,"Akorn, Inc.","Peoria, IL


View 17 more",17,"Louisville,Peoria,Viewmore"
172,Full-Time,QuintilesIMS,"Marietta, GA",GA,"Marietta,"
173,Contractor,Apex Life Sciences,"Mountain View California, CA


View 7 more",GA,"Marietta,"
174,Full-Time,The Judge Group,"Ewing Township, NJ",NJ,"EwingTownship,"
175,Full-Time,Eurofins,"Spring House, PA",PA,"SpringHouse,"
176,Full-Time,Johnson & Johnson,"Spring House, PA",PA,"SpringHouse,"
177,Full-Time,"Groundwater & Environmental Services, Inc. (GES)","Baton Rouge, LA


View 1 more",LA,"SpringHouse,BatonRouge,View1more"
178,Full-Time,Yoh,"Summit, NJ",NJ,"Summit,"
179,Full-Time,Labsource LLC,"25 Airpark Court

Greenville, SC",SC,"Summit,AirparkCourtGreenville,"
180,Full-Time,"Career Developers, Inc.","Fort Lee, NJ",NJ,"FortLee,"
181,Full-Time,Kelly Scientific Resources,"Cambridge, MA",MA,"Cambridge,"
182,Full-Time,Kelly Scientific Resources,"Cambridge, MA",MA,"Cambridge,"
183,Full-Time,NatureWorks,"Minnetonka, MN",MN,"Minnetonka,"
184,Contractor,Apex Life Sciences,"San Diego, CA",CA,"SanDiego,"
185,Full-Time | Pay: 28.00 - 35.00 /hour,Kelly Scientific Resources,"San Diego, CA",CA,"SanDiego,"
186,Full-Time,Confidential,"Andover, MA",MA,"Andover,"
187,Full-Time,Johnson & Johnson,"South San Francisco, CA",CA,"SouthSanFrancisco,"
188,Contractor,ATR International,"Dallas, TX",TX,"Dallas,"
189,Full-Time,Real Staffing,"Durham, NC",NC,"Durham,"
190,Full-Time,Eurofins,"West Point, PA


View 1 more",PA,"Durham,WestPoint,View1more"
191,Full-Time,Eurofins,"Spring House, PA


View 2 more",PA,"Durham,WestPoint,View1moreSpringHouse,View2more"
192,Full-Time,Eurofins,"Mebane, NC",NC,"Mebane,"
193,Full-Time,Eurofins,"Malvern, PA",PA,"Malvern,"
194,Full-Time,Eurofins,"Kenilworth, NJ",NJ,"Kenilworth,"
195,Full-Time,Eurofins,"Lincoln, NE",NE,"Lincoln,"
196,Contractor | Pay: $20.00 - $26.73/hour,Alpha Consulting,"Syracuse, NY


View 2 more",NY,"Lincoln,Syracuse,View2more"
197,Full-Time,ZOLL LifeVest,"121 Gamma Drive

Pittsburgh, PA",PA,"Lincoln,Syracuse,View2more121GammaDrivePittsburgh,"
198,Full-Time,Johnson & Johnson,"Malvern, PA


View 2 more",PA,"Lincoln,Syracuse,View2more121GammaDrivePittsburgh,Malvern,View2more"
199,Full-Time,Eurofins,"Groton, CT",CT,"Groton,"
200,Full-Time,Eurofins,"Spring House, PA


View 3 more",PA,"Groton,SpringHouse,View3more"
201,Full-Time,Eurofins,"Sanford, NC


View 1 more",NC,"Groton,SpringHouse,View3moreSanford,View1more"
202,Full-Time | Pay: 30.00 - 40.00 /hour,Kelly Scientific Resources,"Marlborough, MA",MA,"Marlborough,"
203,Full-Time,Kelly Scientific Resources,"Dallas, TX


View 1 more",TX,"Marlborough,Dallas,View1more"
204,Contractor,Yoh,"South San Francisco, CA",CA,"SouthSanFrancisco,"
205,Full-Time | Pay: $30k - $60k/year,PBL Assay Science,"131 Ethel Road

New York, NJ",NJ,"SouthSanFrancisco,131EthelRoadNewYork,"
206,Full-Time,"QPS, LLC","1 Innovation Way

Newark, DE


View 1 more near this location",NJ,"SouthSanFrancisco,131EthelRoadNewYork,"
207,Full-Time,Eurofins,"Spring House, PA",PA,"SpringHouse,"
208,Full-Time,Johnson & Johnson,"Spring House, PA",PA,"SpringHouse,"
209,Full-Time,"Groundwater & Environmental Services, Inc. (GES)","Baton Rouge, LA


View 1 more",LA,"SpringHouse,BatonRouge,View1more"
210,Full-Time,Yoh,"Summit, NJ",NJ,"Summit,"
211,Full-Time,Labsource LLC,"25 Airpark Court

Greenville, SC",SC,"Summit,AirparkCourtGreenville,"
212,Full-Time,"Career Developers, Inc.","Fort Lee, NJ",NJ,"FortLee,"
213,Full-Time,Kelly Scientific Resources,"Cambridge, MA",MA,"Cambridge,"
214,Full-Time,Kelly Scientific Resources,"Cambridge, MA",MA,"Cambridge,"
215,Full-Time,NatureWorks,"Minnetonka, MN",MN,"Minnetonka,"
216,Contractor,Apex Life Sciences,"San Diego, CA",CA,"SanDiego,"
217,Full-Time | Pay: 28.00 - 35.00 /hour,Kelly Scientific Resources,"San Diego, CA",CA,"SanDiego,"
218,Full-Time,Confidential,"Andover, MA",MA,"Andover,"
219,Full-Time,Johnson & Johnson,"South San Francisco, CA",CA,"SouthSanFrancisco,"
220,Contractor,ATR International,"Dallas, TX",TX,"Dallas,"
221,Full-Time,Real Staffing,"Durham, NC",NC,"Durham,"
222,Full-Time,Eurofins,"West Point, PA


View 1 more",PA,"Durham,WestPoint,View1more"
223,Full-Time,Eurofins,"Mebane, NC",NC,"Mebane,"
224,Full-Time,Eurofins,"Malvern, PA",PA,"Malvern,"
225,Contractor | Pay: $20.00 - $24.29/hour,Alpha Consulting,"Mountain View, CA",CA,"MountainView,"
226,Full-Time,Sotera Defense Solutions,"Washington, DC",DC,"Washington,"
227,Full-Time,Eurofins,"South Bend, IN


View 1 more",IN,"Washington,SouthBend,View1more"
228,Full-Time,Eurofins,"Lancaster, PA",PA,"Lancaster,"
229,Full-Time,Eurofins,"West Point, PA",PA,"WestPoint,"
230,Full-Time,Eurofins,"Durham, NC",NC,"Durham,"
231,Full-Time,Eurofins,"Lancaster, PA


View 1 more",PA,"Durham,Lancaster,View1more"
232,Full-Time,Eurofins,"Richmond, VA",VA,"Richmond,"
233,Full-Time,Eurofins,"West Greenwich, RI",RI,"WestGreenwich,"
234,Full-Time,Aerotek,"Kansas City, MO",MO,"KansasCity,"
235,Full-Time,Johnson & Johnson,"Irvine, CA",CA,"Irvine,"
236,Full-Time,Johnson & Johnson,"San Diego, CA


View 1 more",CA,"Irvine,SanDiego,View1more"
237,Full-Time/Part-Time,SRG Woolf,"Columbia, MD",MD,"Columbia,"
238,Full-Time,Zing! Recruiting,"Teterboro, NJ",NJ,"Teterboro,"
239,Full-Time,GHD,"Concord, CA",CA,"Concord,"
240,Full-Time,Kelly Scientific Resources,"Cleveland, OH",OH,"Cleveland,"
241,Full-Time | Pay: $18.00 - $20.00/hour,Fresenius Kabi,"3159 Staley Road

Grand Island, NY",NY,"Cleveland,3159StaleyRoadGrandIsland,"
242,Full-Time,Eurofins,"Groton, CT",CT,"Groton,"
243,Contractor,Yoh,"Redwood City, CA",CA,"RedwoodCity,"
244,Full-Time | Pay: $50k/year,The Hartz Mountain Corporation,"640 Gotham Parkway

Carlstadt, NJ",NJ,"RedwoodCity,640GothamParkwayCarlstadt,"
245,Full-Time,Yoh,"Santa Clara, CA",CA,"SantaClara,"
246,Full-Time,Eurofins,"Sanford, NC",NC,"Sanford,"
247,Full-Time,ProClinical,"San Diego, CA",CA,"SanDiego,"
248,Full-Time,Strategic Operational Solutions Inc.,"Fairmont, WV",WV,"Fairmont,"
249,Full-Time,Apex Life Sciences,"Chandler, AZ


View 2 more",AZ,"Fairmont,Chandler,View2more"
